{
  "final_quant_eval": {
    "val_bpb": 1.46984835,
    "val_loss": 2.48177737
  },
  "generated_at_utc": "2026-03-20T05:16:35+00:00",
  "int8_zlib_model_bytes": 13140118,
  "int8_zlib_total_submission_bytes": 13205597,
  "last_eval": {
    "max_steps": 500,
    "step": 500,
    "val_bpb": 1.4689,
    "val_loss": 2.4802
  },
  "run_id": "act21_abs2_seed99_500"
}
