{
  "final_quant_eval": {
    "val_bpb": 1.70344132,
    "val_loss": 2.87618931
  },
  "generated_at_utc": "2026-03-20T22:03:53+00:00",
  "int8_zlib_model_bytes": 11397621,
  "int8_zlib_total_submission_bytes": 11473307,
  "last_eval": {
    "max_steps": 500,
    "step": 500,
    "val_bpb": 1.7004,
    "val_loss": 2.871
  },
  "run_id": "p2_h1_gradx2"
}
