{
  "final_quant_eval": {
    "val_bpb": 1.46352395,
    "val_loss": 2.47109888
  },
  "generated_at_utc": "2026-03-21T03:28:46+00:00",
  "int8_zlib_model_bytes": 11281021,
  "int8_zlib_total_submission_bytes": 11356707,
  "last_eval": {
    "max_steps": 500,
    "step": 500,
    "val_bpb": 1.4595,
    "val_loss": 2.4643
  },
  "run_id": "p2_h3_leaky08"
}
