{
  "final_quant_eval": {
    "val_bpb": 1.46743182,
    "val_loss": 2.47769715
  },
  "generated_at_utc": "2026-03-19T17:36:11+00:00",
  "int8_zlib_model_bytes": 13184214,
  "int8_zlib_total_submission_bytes": 13241918,
  "last_eval": {
    "max_steps": 500,
    "step": 500,
    "val_bpb": 1.4669,
    "val_loss": 2.4769
  },
  "run_id": "act6_swiglu_seed2025_500"
}
