{
  "final_quant_eval": {
    "val_bpb": 1.65577511,
    "val_loss": 2.79570691
  },
  "generated_at_utc": "2026-03-19T14:24:11+00:00",
  "int8_zlib_model_bytes": 10665168,
  "int8_zlib_total_submission_bytes": 10712810,
  "last_eval": {
    "max_steps": 200,
    "step": 200,
    "val_bpb": 1.6527,
    "val_loss": 2.7905
  },
  "run_id": "p1_mlr_0.04"
}
