{
  "final_quant_eval": {
    "val_bpb": 1.60492854,
    "val_loss": 2.70985462
  },
  "generated_at_utc": "2026-03-21T15:07:44+00:00",
  "int8_zlib_model_bytes": 13685743,
  "int8_zlib_total_submission_bytes": 13767396,
  "last_eval": {
    "max_steps": 500,
    "step": 500,
    "val_bpb": 1.6044,
    "val_loss": 2.7089
  },
  "run_id": "arch_embed_bn64_10L"
}
