{
  "final_quant_eval": {
    "val_bpb": 1.48618507,
    "val_loss": 2.50936124
  },
  "generated_at_utc": "2026-03-20T04:44:20+00:00",
  "int8_zlib_model_bytes": 13052508,
  "int8_zlib_total_submission_bytes": 13117987,
  "last_eval": {
    "max_steps": 500,
    "step": 500,
    "val_bpb": 1.4853,
    "val_loss": 2.5079
  },
  "run_id": "act19_shifted_relu2_pos_500"
}
