{
  "final_quant_eval": {
    "val_bpb": 1.47857476,
    "val_loss": 2.49651154
  },
  "generated_at_utc": "2026-03-19T16:49:56+00:00",
  "int8_zlib_model_bytes": 13213198,
  "int8_zlib_total_submission_bytes": 13270139,
  "last_eval": {
    "max_steps": 500,
    "step": 500,
    "val_bpb": 1.4779,
    "val_loss": 2.4954
  },
  "run_id": "act4_gated_relu2_500"
}
