{
  "final_quant_eval": {
    "val_bpb": 1.49763283,
    "val_loss": 2.52869031
  },
  "generated_at_utc": "2026-03-19T17:09:01+00:00",
  "int8_zlib_model_bytes": 12977963,
  "int8_zlib_total_submission_bytes": 13035667,
  "last_eval": {
    "max_steps": 500,
    "step": 500,
    "val_bpb": 1.4965,
    "val_loss": 2.5268
  },
  "run_id": "act5_relu2_lingate_500"
}
