{
  "final_quant_eval": {
    "val_bpb": 1.47265549,
    "val_loss": 2.48651712
  },
  "generated_at_utc": "2026-03-21T16:06:27+00:00",
  "int8_zlib_model_bytes": 13047145,
  "int8_zlib_total_submission_bytes": 13128798,
  "last_eval": {
    "max_steps": 500,
    "step": 500,
    "val_bpb": 1.4711,
    "val_loss": 2.4839
  },
  "run_id": "arch_ws_9x2"
}
