{
  "final_quant_eval": {
    "val_bpb": 1.48556741,
    "val_loss": 2.50831834
  },
  "generated_at_utc": "2026-03-19T19:01:52+00:00",
  "int8_zlib_model_bytes": 13263502,
  "int8_zlib_total_submission_bytes": 13324284,
  "last_eval": {
    "max_steps": 500,
    "step": 500,
    "val_bpb": 1.4846,
    "val_loss": 2.5066
  },
  "run_id": "act16_power_relu_mildgate20_floor03_500"
}
