{
  "final_quant_eval": {
    "val_bpb": 1.48648471,
    "val_loss": 2.50986717
  },
  "generated_at_utc": "2026-03-20T04:03:31+00:00",
  "int8_zlib_model_bytes": 13092806,
  "int8_zlib_total_submission_bytes": 13155121,
  "last_eval": {
    "max_steps": 500,
    "step": 500,
    "val_bpb": 1.4855,
    "val_loss": 2.5082
  },
  "run_id": "act17_clamp_silu2_500"
}
