{
  "final_quant_eval": {
    "val_bpb": 1.52812479,
    "val_loss": 2.5801747
  },
  "generated_at_utc": "2026-03-19T16:50:58+00:00",
  "int8_zlib_model_bytes": 12712303,
  "int8_zlib_total_submission_bytes": 12769244,
  "last_eval": {
    "max_steps": 500,
    "step": 500,
    "val_bpb": 1.5276,
    "val_loss": 2.5793
  },
  "run_id": "act4_swirelu2_500"
}
