{
  "final_quant_eval": {
    "val_bpb": 1.48155617,
    "val_loss": 2.50154553
  },
  "generated_at_utc": "2026-03-19T17:35:59+00:00",
  "int8_zlib_model_bytes": 13195246,
  "int8_zlib_total_submission_bytes": 13252950,
  "last_eval": {
    "max_steps": 500,
    "step": 500,
    "val_bpb": 1.4808,
    "val_loss": 2.5003
  },
  "run_id": "act6_gated_relu2_seed2025_500"
}
