{
  "final_quant_eval": {
    "val_bpb": 1.48593533,
    "val_loss": 2.50893956
  },
  "generated_at_utc": "2026-03-19T17:40:53+00:00",
  "int8_zlib_model_bytes": 13161994,
  "int8_zlib_total_submission_bytes": 13219698,
  "last_eval": {
    "max_steps": 500,
    "step": 500,
    "val_bpb": 1.4852,
    "val_loss": 2.5077
  },
  "run_id": "act6_swirelu_seed2025_500"
}
