{
  "final_quant_eval": {
    "val_bpb": 1.36653561,
    "val_loss": 2.30733814
  },
  "generated_at_utc": "2026-03-21T15:02:19+00:00",
  "int8_zlib_model_bytes": 15631157,
  "int8_zlib_total_submission_bytes": 15712810,
  "last_eval": {
    "max_steps": 2000,
    "step": 2000,
    "val_bpb": 1.3644,
    "val_loss": 2.3038
  },
  "run_id": "p2_leaky01_2k"
}
