{
  "final_quant_eval": {
    "val_bpb": 1.47212298,
    "val_loss": 2.48561799
  },
  "generated_at_utc": "2026-03-21T03:28:48+00:00",
  "int8_zlib_model_bytes": 11272856,
  "int8_zlib_total_submission_bytes": 11348542,
  "last_eval": {
    "max_steps": 500,
    "step": 500,
    "val_bpb": 1.4693,
    "val_loss": 2.4808
  },
  "run_id": "p2_h3_mish2"
}
