{
  "final_quant_eval": {
    "val_bpb": 1.47544769,
    "val_loss": 2.49123161
  },
  "generated_at_utc": "2026-03-20T07:21:07+00:00",
  "int8_zlib_model_bytes": 13122976,
  "int8_zlib_total_submission_bytes": 13190478,
  "last_eval": {
    "max_steps": 500,
    "step": 500,
    "val_bpb": 1.4746,
    "val_loss": 2.4898
  },
  "run_id": "act23_leaky03"
}
