{
  "final_quant_eval": {
    "val_bpb": 1.47477999,
    "val_loss": 2.49010423
  },
  "generated_at_utc": "2026-03-20T04:51:10+00:00",
  "int8_zlib_model_bytes": 13077337,
  "int8_zlib_total_submission_bytes": 13142816,
  "last_eval": {
    "max_steps": 500,
    "step": 500,
    "val_bpb": 1.4737,
    "val_loss": 2.4882
  },
  "run_id": "act19_softshrink2_500"
}
