{
  "final_quant_eval": {
    "val_bpb": 1.47257296,
    "val_loss": 2.48637777
  },
  "generated_at_utc": "2026-03-20T07:57:31+00:00",
  "int8_zlib_model_bytes": 13130724,
  "int8_zlib_total_submission_bytes": 13198226,
  "last_eval": {
    "max_steps": 500,
    "step": 500,
    "val_bpb": 1.4717,
    "val_loss": 2.4849
  },
  "run_id": "act23_leaky07_r2"
}
