{
  "final_quant_eval": {
    "val_bpb": 1.48417734,
    "val_loss": 2.50597127
  },
  "generated_at_utc": "2026-03-19T17:06:11+00:00",
  "int8_zlib_model_bytes": 13085702,
  "int8_zlib_total_submission_bytes": 13143406,
  "last_eval": {
    "max_steps": 500,
    "step": 500,
    "val_bpb": 1.4833,
    "val_loss": 2.5044
  },
  "run_id": "act5_silu2_500"
}
