{
  "final_quant_eval": {
    "val_bpb": 1.49148278,
    "val_loss": 2.51830619
  },
  "generated_at_utc": "2026-03-19T17:51:22+00:00",
  "int8_zlib_model_bytes": 13208779,
  "int8_zlib_total_submission_bytes": 13266483,
  "last_eval": {
    "max_steps": 500,
    "step": 500,
    "val_bpb": 1.4908,
    "val_loss": 2.5171
  },
  "run_id": "act7_silu_500"
}
