{
  "final_quant_eval": {
    "val_bpb": 1.67744363,
    "val_loss": 2.83229331
  },
  "generated_at_utc": "2026-03-19T14:24:11+00:00",
  "int8_zlib_model_bytes": 13578021,
  "int8_zlib_total_submission_bytes": 13625663,
  "last_eval": {
    "max_steps": 200,
    "step": 200,
    "val_bpb": 1.6773,
    "val_loss": 2.8321
  },
  "run_id": "p1_mlr_0.16"
}
