{
  "final_quant_eval": {
    "val_bpb": 1.35633306,
    "val_loss": 2.29011156
  },
  "generated_at_utc": "2026-03-19T14:24:10+00:00",
  "int8_zlib_model_bytes": 13256851,
  "int8_zlib_total_submission_bytes": 13311173,
  "last_eval": {
    "max_steps": 1000,
    "step": 1000,
    "val_bpb": 1.3554,
    "val_loss": 2.2885
  },
  "run_id": "heads84_lr06_1000"
}
