{
  "final_quant_eval": {
    "val_bpb": 1.49312733,
    "val_loss": 2.52108295
  },
  "generated_at_utc": "2026-03-22T05:27:48+00:00",
  "int8_zlib_model_bytes": 7724740,
  "int8_zlib_total_submission_bytes": 7806393,
  "last_eval": {
    "max_steps": 500,
    "step": 500,
    "val_bpb": 1.4925,
    "val_loss": 2.52
  },
  "run_id": "scale_med_9L384_500"
}
