{
  "final_quant_eval": {
    "val_bpb": 1.48720676,
    "val_loss": 2.51108631
  },
  "generated_at_utc": "2026-03-19T19:06:53+00:00",
  "int8_zlib_model_bytes": 13299299,
  "int8_zlib_total_submission_bytes": 13360081,
  "last_eval": {
    "max_steps": 500,
    "step": 500,
    "val_bpb": 1.4864,
    "val_loss": 2.5097
  },
  "run_id": "act16_power_relu_mildgate20_floor07_500"
}
