{
  "final_quant_eval": {
    "val_bpb": 1.48234441,
    "val_loss": 2.50287645
  },
  "generated_at_utc": "2026-03-20T05:15:18+00:00",
  "int8_zlib_model_bytes": 13129233,
  "int8_zlib_total_submission_bytes": 13194712,
  "last_eval": {
    "max_steps": 500,
    "step": 500,
    "val_bpb": 1.4816,
    "val_loss": 2.5016
  },
  "run_id": "act21_relu2_seed42_500"
}
