{
  "final_quant_eval": {
    "val_bpb": 1.36453229,
    "val_loss": 2.30395562
  },
  "generated_at_utc": "2026-03-21T14:26:23+00:00",
  "int8_zlib_model_bytes": 15627039,
  "int8_zlib_total_submission_bytes": 15708692,
  "last_eval": {
    "max_steps": 2000,
    "step": 2000,
    "val_bpb": 1.3625,
    "val_loss": 2.3006
  },
  "run_id": "p2_leaky02_2k"
}
