{
  "final_quant_eval": {
    "val_bpb": 1.48842759,
    "val_loss": 2.51314763
  },
  "generated_at_utc": "2026-03-21T02:23:32+00:00",
  "int8_zlib_model_bytes": 11197033,
  "int8_zlib_total_submission_bytes": 11272719,
  "last_eval": {
    "max_steps": 500,
    "step": 500,
    "val_bpb": 1.482,
    "val_loss": 2.5022
  },
  "run_id": "p2_h2_erf2"
}
