{
  "final_quant_eval": {
    "val_bpb": 1.4763436,
    "val_loss": 2.49274433
  },
  "generated_at_utc": "2026-03-19T17:33:57+00:00",
  "int8_zlib_model_bytes": 13121915,
  "int8_zlib_total_submission_bytes": 13179619,
  "last_eval": {
    "max_steps": 500,
    "step": 500,
    "val_bpb": 1.4756,
    "val_loss": 2.4915
  },
  "run_id": "act6_relu2_seed2025_500"
}
