{
  "final_quant_eval": {
    "val_bpb": 1.47269089,
    "val_loss": 2.48657687
  },
  "generated_at_utc": "2026-03-20T05:00:51+00:00",
  "int8_zlib_model_bytes": 13116146,
  "int8_zlib_total_submission_bytes": 13181625,
  "last_eval": {
    "max_steps": 500,
    "step": 500,
    "val_bpb": 1.4718,
    "val_loss": 2.485
  },
  "run_id": "act20_selu2_500"
}
