{
  "final_quant_eval": {
    "val_bpb": 1.47442887,
    "val_loss": 2.48951138
  },
  "generated_at_utc": "2026-03-21T05:33:18+00:00",
  "int8_zlib_model_bytes": 10977329,
  "int8_zlib_total_submission_bytes": 11053807,
  "last_eval": {
    "max_steps": 500,
    "step": 500,
    "val_bpb": 1.4701,
    "val_loss": 2.4823
  },
  "run_id": "p2_x_relu22"
}
