{
  "final_quant_eval": {
    "val_bpb": 1.46269449,
    "val_loss": 2.46969838
  },
  "generated_at_utc": "2026-03-19T18:39:18+00:00",
  "int8_zlib_model_bytes": 10734999,
  "int8_zlib_total_submission_bytes": 10795781,
  "last_eval": {
    "max_steps": 500,
    "step": 500,
    "val_bpb": 1.4574,
    "val_loss": 2.4608
  },
  "run_id": "act14_power_silu20_500"
}
