{
  "final_quant_eval": {
    "val_bpb": 1.46585953,
    "val_loss": 2.47504241
  },
  "generated_at_utc": "2026-03-21T15:26:55+00:00",
  "int8_zlib_model_bytes": 14686770,
  "int8_zlib_total_submission_bytes": 14768423,
  "last_eval": {
    "max_steps": 500,
    "step": 500,
    "val_bpb": 1.4653,
    "val_loss": 2.4741
  },
  "run_id": "arch_moe_2e_10L"
}
