{
  "final_quant_eval": {
    "val_bpb": 1.47316449,
    "val_loss": 2.48737653
  },
  "generated_at_utc": "2026-03-20T05:07:00+00:00",
  "int8_zlib_model_bytes": 13126189,
  "int8_zlib_total_submission_bytes": 13191668,
  "last_eval": {
    "max_steps": 500,
    "step": 500,
    "val_bpb": 1.4724,
    "val_loss": 2.4861
  },
  "run_id": "act20_leaky05_500"
}
