{
  "final_quant_eval": {
    "val_bpb": 1.47872493,
    "val_loss": 2.4967651
  },
  "generated_at_utc": "2026-03-20T04:19:12+00:00",
  "int8_zlib_model_bytes": 13130264,
  "int8_zlib_total_submission_bytes": 13192579,
  "last_eval": {
    "max_steps": 500,
    "step": 500,
    "val_bpb": 1.4781,
    "val_loss": 2.4956
  },
  "run_id": "act17_leaky_relu2_01_500"
}
