{
  "final_quant_eval": {
    "val_bpb": 1.65112494,
    "val_loss": 2.7878553
  },
  "generated_at_utc": "2026-03-19T14:24:11+00:00",
  "int8_zlib_model_bytes": 12013798,
  "int8_zlib_total_submission_bytes": 12061440,
  "last_eval": {
    "max_steps": 200,
    "step": 200,
    "val_bpb": 1.6496,
    "val_loss": 2.7853
  },
  "run_id": "p1_mlr_0.08"
}
