{
  "final_quant_eval": {
    "val_bpb": 1.32183971,
    "val_loss": 2.23187097
  },
  "generated_at_utc": "2026-03-20T06:37:33+00:00",
  "int8_zlib_model_bytes": 15577846,
  "int8_zlib_total_submission_bytes": 15643325,
  "last_eval": {
    "max_steps": 2000,
    "step": 2000,
    "val_bpb": 1.32,
    "val_loss": 2.2287
  },
  "run_id": "act22_leaky05_2000"
}
