{
  "final_quant_eval": {
    "val_bpb": 1.45818924,
    "val_loss": 2.46209145
  },
  "generated_at_utc": "2026-03-19T14:24:10+00:00",
  "int8_zlib_model_bytes": 10697455,
  "int8_zlib_total_submission_bytes": 10747115,
  "last_eval": {
    "max_steps": 500,
    "step": 500,
    "val_bpb": 1.4522,
    "val_loss": 2.452
  },
  "run_id": "baseline_500"
}
