{
  "final_quant_eval": {
    "val_bpb": 1.46085209,
    "val_loss": 2.46658757
  },
  "generated_at_utc": "2026-03-19T18:43:20+00:00",
  "int8_zlib_model_bytes": 10648524,
  "int8_zlib_total_submission_bytes": 10709306,
  "last_eval": {
    "max_steps": 500,
    "step": 500,
    "val_bpb": 1.4546,
    "val_loss": 2.456
  },
  "run_id": "act15_power_relu22_500"
}
