{
  "final_quant_eval": {
    "val_bpb": 1.40430554,
    "val_loss": 2.37111109
  },
  "generated_at_utc": "2026-03-19T15:32:52+00:00",
  "int8_zlib_model_bytes": 15577150,
  "int8_zlib_total_submission_bytes": 15633343,
  "last_eval": {
    "max_steps": 1000,
    "step": 1000,
    "val_bpb": 1.4033,
    "val_loss": 2.3694
  },
  "run_id": "arch_L20_D320_H5_KV5_M2_1000"
}
