{
  "final_quant_eval": {
    "val_bpb": 1.55052031,
    "val_loss": 2.61798859
  },
  "generated_at_utc": "2026-03-21T15:32:18+00:00",
  "int8_zlib_model_bytes": 14015207,
  "int8_zlib_total_submission_bytes": 14096860,
  "last_eval": {
    "max_steps": 500,
    "step": 500,
    "val_bpb": 1.5497,
    "val_loss": 2.6166
  },
  "run_id": "arch_embed_bn128_10L"
}
