{
  "final_quant_eval": {
    "val_bpb": 1.47512652,
    "val_loss": 2.49068934
  },
  "generated_at_utc": "2026-03-21T03:32:42+00:00",
  "int8_zlib_model_bytes": 11053217,
  "int8_zlib_total_submission_bytes": 11128903,
  "last_eval": {
    "max_steps": 500,
    "step": 500,
    "val_bpb": 1.4709,
    "val_loss": 2.4836
  },
  "run_id": "p2_h3_leaky01"
}
