{
  "final_quant_eval": {
    "val_bpb": 1.36417753,
    "val_loss": 2.30335662
  },
  "generated_at_utc": "2026-03-21T16:47:20+00:00",
  "int8_zlib_model_bytes": 15825647,
  "int8_zlib_total_submission_bytes": 15907300,
  "last_eval": {
    "max_steps": 4000,
    "step": 4000,
    "val_bpb": 1.3605,
    "val_loss": 2.2971
  },
  "run_id": "p2_leaky05_lr06_4k"
}
