{
  "final_quant_eval": {
    "val_bpb": 1.47210218,
    "val_loss": 2.48558286
  },
  "generated_at_utc": "2026-03-20T04:28:44+00:00",
  "int8_zlib_model_bytes": 13129823,
  "int8_zlib_total_submission_bytes": 13193548,
  "last_eval": {
    "max_steps": 500,
    "step": 500,
    "val_bpb": 1.4712,
    "val_loss": 2.4841
  },
  "run_id": "act18_abs2_500"
}
