{
  "final_quant_eval": {
    "val_bpb": 1.35641502,
    "val_loss": 2.29024994
  },
  "generated_at_utc": "2026-03-21T23:54:41+00:00",
  "int8_zlib_model_bytes": 14268319,
  "int8_zlib_total_submission_bytes": 14349972,
  "last_eval": {
    "max_steps": 4000,
    "step": 4000,
    "val_bpb": 1.3557,
    "val_loss": 2.2891
  },
  "run_id": "moe4e_leaky_bn128u_d384_s1337_4k"
}
