{
  "final_quant_eval": {
    "val_bpb": 1.49426071,
    "val_loss": 2.52299661
  },
  "generated_at_utc": "2026-03-19T17:51:38+00:00",
  "int8_zlib_model_bytes": 13206527,
  "int8_zlib_total_submission_bytes": 13264231,
  "last_eval": {
    "max_steps": 500,
    "step": 500,
    "val_bpb": 1.4934,
    "val_loss": 2.5216
  },
  "run_id": "act7_gelu_500"
}
