{
  "final_quant_eval": {
    "val_bpb": 1.52776293,
    "val_loss": 2.57956371
  },
  "generated_at_utc": "2026-03-21T04:39:01+00:00",
  "int8_zlib_model_bytes": 10965390,
  "int8_zlib_total_submission_bytes": 11041076,
  "last_eval": {
    "max_steps": 500,
    "step": 500,
    "val_bpb": 1.5223,
    "val_loss": 2.5704
  },
  "run_id": "p2_x_softplus2_b05"
}
