{
  "final_quant_eval": {
    "val_bpb": 1.38019724,
    "val_loss": 2.33040522
  },
  "generated_at_utc": "2026-03-22T01:25:55+00:00",
  "int8_zlib_model_bytes": 15829095,
  "int8_zlib_total_submission_bytes": 15906320,
  "last_eval": {
    "max_steps": 13780,
    "step": 13780,
    "val_bpb": 1.3735,
    "val_loss": 2.319
  },
  "run_id": "act_leaky05_13k"
}
