{
  "final_quant_eval": {
    "val_bpb": 1.64674162,
    "val_loss": 2.78045425
  },
  "generated_at_utc": "2026-03-19T14:24:11+00:00",
  "int8_zlib_model_bytes": 11455805,
  "int8_zlib_total_submission_bytes": 11503447,
  "last_eval": {
    "max_steps": 200,
    "step": 200,
    "val_bpb": 1.6443,
    "val_loss": 2.7764
  },
  "run_id": "p1_mlr_0.06"
}
