{
  "final_quant_eval": {
    "val_bpb": 1.39639714,
    "val_loss": 2.35775808
  },
  "generated_at_utc": "2026-03-21T15:11:11+00:00",
  "int8_zlib_model_bytes": 15844569,
  "int8_zlib_total_submission_bytes": 15921794,
  "last_eval": {
    "max_steps": 13780,
    "step": 13780,
    "val_bpb": 1.3889,
    "val_loss": 2.3452
  },
  "run_id": "p2_leaky05_gradfloor_13k_s42"
}
