{
  "final_quant_eval": {
    "val_bpb": 1.4662978,
    "val_loss": 2.47578242
  },
  "generated_at_utc": "2026-03-21T05:28:33+00:00",
  "int8_zlib_model_bytes": 11269444,
  "int8_zlib_total_submission_bytes": 11345922,
  "last_eval": {
    "max_steps": 500,
    "step": 500,
    "val_bpb": 1.4626,
    "val_loss": 2.4695
  },
  "run_id": "p2_leaky05_gradfloor_500"
}
