{
  "final_quant_eval": {
    "val_bpb": 1.46934936,
    "val_loss": 2.48093485
  },
  "generated_at_utc": "2026-03-19T17:36:06+00:00",
  "int8_zlib_model_bytes": 13209494,
  "int8_zlib_total_submission_bytes": 13267198,
  "last_eval": {
    "max_steps": 500,
    "step": 500,
    "val_bpb": 1.4683,
    "val_loss": 2.4792
  },
  "run_id": "act6_reluglu_seed2025_500"
}
