{
  "final_quant_eval": {
    "val_bpb": 1.36030995,
    "val_loss": 2.29682637
  },
  "generated_at_utc": "2026-03-21T13:15:11+00:00",
  "int8_zlib_model_bytes": 15610160,
  "int8_zlib_total_submission_bytes": 15687385,
  "last_eval": {
    "max_steps": 2000,
    "step": 2000,
    "val_bpb": 1.3584,
    "val_loss": 2.2936
  },
  "run_id": "p2_leaky08_2k"
}
