{
  "final_quant_eval": {
    "val_bpb": 1.49126782,
    "val_loss": 2.51794325
  },
  "generated_at_utc": "2026-03-20T04:03:22+00:00",
  "int8_zlib_model_bytes": 10820946,
  "int8_zlib_total_submission_bytes": 10883261,
  "last_eval": {
    "max_steps": 500,
    "step": 500,
    "val_bpb": 1.4908,
    "val_loss": 2.5172
  },
  "run_id": "act17_relu2_narrow_500"
}
