{
  "final_quant_eval": {
    "val_bpb": 1.24979605,
    "val_loss": 2.11022827
  },
  "generated_at_utc": "2026-03-20T14:07:21+00:00",
  "int8_zlib_model_bytes": 15814021,
  "int8_zlib_total_submission_bytes": 15881523,
  "last_eval": {
    "max_steps": 13000,
    "step": 13000,
    "val_bpb": 1.244,
    "val_loss": 2.1004
  },
  "run_id": "act24_relu2_13000"
}
