{
  "final_quant_eval": {
    "val_bpb": 1.51170785,
    "val_loss": 2.55245538
  },
  "generated_at_utc": "2026-03-19T14:24:10+00:00",
  "int8_zlib_model_bytes": 10688512,
  "int8_zlib_total_submission_bytes": 10742834,
  "last_eval": {
    "max_steps": 400,
    "step": 400,
    "val_bpb": 1.5031,
    "val_loss": 2.5379
  },
  "run_id": "heads82_lr06_400"
}
