{
  "final_quant_eval": {
    "val_bpb": 1.49046586,
    "val_loss": 2.51658918
  },
  "generated_at_utc": "2026-03-21T04:40:33+00:00",
  "int8_zlib_model_bytes": 10893740,
  "int8_zlib_total_submission_bytes": 10969426,
  "last_eval": {
    "max_steps": 500,
    "step": 500,
    "val_bpb": 1.4854,
    "val_loss": 2.508
  },
  "run_id": "p2_h3_linneg05"
}
