{
  "final_quant_eval": {
    "val_bpb": 1.46854865,
    "val_loss": 2.47958288
  },
  "generated_at_utc": "2026-03-20T05:16:16+00:00",
  "int8_zlib_model_bytes": 13124803,
  "int8_zlib_total_submission_bytes": 13190282,
  "last_eval": {
    "max_steps": 500,
    "step": 500,
    "val_bpb": 1.468,
    "val_loss": 2.4786
  },
  "run_id": "act21_abs2_seed42_500"
}
