{
  "final_quant_eval": {
    "val_bpb": 1.36430679,
    "val_loss": 2.30357486
  },
  "generated_at_utc": "2026-03-21T17:56:17+00:00",
  "int8_zlib_model_bytes": 15789415,
  "int8_zlib_total_submission_bytes": 15871068,
  "last_eval": {
    "max_steps": 4000,
    "step": 4000,
    "val_bpb": 1.3606,
    "val_loss": 2.2973
  },
  "run_id": "p2_leaky05_lr032_4k"
}
