{
  "final_quant_eval": {
    "val_bpb": 1.54712117,
    "val_loss": 2.61224929
  },
  "generated_at_utc": "2026-03-21T14:55:56+00:00",
  "int8_zlib_model_bytes": 14101652,
  "int8_zlib_total_submission_bytes": 14183305,
  "last_eval": {
    "max_steps": 500,
    "step": 500,
    "val_bpb": 1.5466,
    "val_loss": 2.6113
  },
  "run_id": "arch_embed_bn128_w544"
}
