{
  "final_quant_eval": {
    "val_bpb": 1.36405843,
    "val_loss": 2.30315552
  },
  "generated_at_utc": "2026-03-21T12:28:50+00:00",
  "int8_zlib_model_bytes": 15829789,
  "int8_zlib_total_submission_bytes": 15907014,
  "last_eval": {
    "max_steps": 4000,
    "step": 4000,
    "val_bpb": 1.3594,
    "val_loss": 2.2952
  },
  "run_id": "p2_selu2_4k_s42"
}
