{
  "final_quant_eval": {
    "val_bpb": 1.51539266,
    "val_loss": 2.55867703
  },
  "generated_at_utc": "2026-03-19T18:03:47+00:00",
  "int8_zlib_model_bytes": 12667304,
  "int8_zlib_total_submission_bytes": 12726481,
  "last_eval": {
    "max_steps": 500,
    "step": 500,
    "val_bpb": 1.5145,
    "val_loss": 2.5572
  },
  "run_id": "act7_swirelu2_500"
}
