{
  "final_quant_eval": {
    "val_bpb": 1.47404993,
    "val_loss": 2.48887157
  },
  "generated_at_utc": "2026-03-19T17:08:48+00:00",
  "int8_zlib_model_bytes": 13225594,
  "int8_zlib_total_submission_bytes": 13283298,
  "last_eval": {
    "max_steps": 500,
    "step": 500,
    "val_bpb": 1.4733,
    "val_loss": 2.4876
  },
  "run_id": "act5_reluglu_500"
}
