{
  "final_quant_eval": {
    "val_bpb": 1.49007384,
    "val_loss": 2.51592727
  },
  "generated_at_utc": "2026-03-19T18:37:35+00:00",
  "int8_zlib_model_bytes": 11593042,
  "int8_zlib_total_submission_bytes": 11653824,
  "last_eval": {
    "max_steps": 500,
    "step": 500,
    "val_bpb": 1.4873,
    "val_loss": 2.5112
  },
  "run_id": "act7_relu2_lingate_500"
}
