{
  "final_quant_eval": {
    "val_bpb": 1.48168845,
    "val_loss": 2.50176889
  },
  "generated_at_utc": "2026-03-20T04:28:36+00:00",
  "int8_zlib_model_bytes": 13133272,
  "int8_zlib_total_submission_bytes": 13196997,
  "last_eval": {
    "max_steps": 500,
    "step": 500,
    "val_bpb": 1.4808,
    "val_loss": 2.5002
  },
  "run_id": "act18_sharper_softplus2_500"
}
