{
  "final_quant_eval": {
    "val_bpb": 1.4839976,
    "val_loss": 2.50566779
  },
  "generated_at_utc": "2026-03-19T16:48:31+00:00",
  "int8_zlib_model_bytes": 13133367,
  "int8_zlib_total_submission_bytes": 13190308,
  "last_eval": {
    "max_steps": 500,
    "step": 500,
    "val_bpb": 1.4837,
    "val_loss": 2.5051
  },
  "run_id": "act4_relu2_ctrl_500"
}
