{
  "final_quant_eval": {
    "val_bpb": 1.68131499,
    "val_loss": 2.83882994
  },
  "generated_at_utc": "2026-03-22T05:41:46+00:00",
  "int8_zlib_model_bytes": 5350634,
  "int8_zlib_total_submission_bytes": 5432287,
  "last_eval": {
    "max_steps": 200,
    "step": 200,
    "val_bpb": 1.6802,
    "val_loss": 2.8369
  },
  "run_id": "scale_small_8L320_200"
}
