{
  "final_quant_eval": {
    "val_bpb": 1.47101178,
    "val_loss": 2.48374176
  },
  "generated_at_utc": "2026-03-21T12:39:16+00:00",
  "int8_zlib_model_bytes": 13132439,
  "int8_zlib_total_submission_bytes": 13209664,
  "last_eval": {
    "max_steps": 500,
    "step": 500,
    "val_bpb": 1.4704,
    "val_loss": 2.4827
  },
  "run_id": "p2_leaky08_gradfloor_500"
}
