{
  "final_quant_eval": {
    "val_bpb": 1.4033212,
    "val_loss": 2.36944907
  },
  "generated_at_utc": "2026-03-20T12:14:00+00:00",
  "int8_zlib_model_bytes": 15086455,
  "int8_zlib_total_submission_bytes": 15155629,
  "last_eval": {
    "max_steps": 1300,
    "step": 1300,
    "val_bpb": 1.3995,
    "val_loss": 2.363
  },
  "run_id": "act25_tanh2_r2"
}
