{
  "final_quant_eval": {
    "val_bpb": 1.48009263,
    "val_loss": 2.49907441
  },
  "generated_at_utc": "2026-03-20T05:00:16+00:00",
  "int8_zlib_model_bytes": 13126387,
  "int8_zlib_total_submission_bytes": 13191866,
  "last_eval": {
    "max_steps": 500,
    "step": 500,
    "val_bpb": 1.4792,
    "val_loss": 2.4976
  },
  "run_id": "act20_celu2_500"
}
