{
  "final_quant_eval": {
    "val_bpb": 1.4813222,
    "val_loss": 2.50115049
  },
  "generated_at_utc": "2026-03-20T05:00:29+00:00",
  "int8_zlib_model_bytes": 13128731,
  "int8_zlib_total_submission_bytes": 13194210,
  "last_eval": {
    "max_steps": 500,
    "step": 500,
    "val_bpb": 1.4807,
    "val_loss": 2.5001
  },
  "run_id": "act20_relu2_ctrl_500"
}
