{
  "final_quant_eval": {
    "val_bpb": 1.46759156,
    "val_loss": 2.47796688
  },
  "generated_at_utc": "2026-03-19T17:53:25+00:00",
  "int8_zlib_model_bytes": 13195735,
  "int8_zlib_total_submission_bytes": 13253439,
  "last_eval": {
    "max_steps": 500,
    "step": 500,
    "val_bpb": 1.4668,
    "val_loss": 2.4766
  },
  "run_id": "act7_swiglu_500"
}
