{
  "final_quant_eval": {
    "val_bpb": 1.48104118,
    "val_loss": 2.50067599
  },
  "generated_at_utc": "2026-03-20T19:59:22+00:00",
  "int8_zlib_model_bytes": 11429627,
  "int8_zlib_total_submission_bytes": 11505313,
  "last_eval": {
    "max_steps": 500,
    "step": 500,
    "val_bpb": 1.4778,
    "val_loss": 2.4953
  },
  "run_id": "p2_h1_grad1_5x"
}
