{
  "final_quant_eval": {
    "val_bpb": 1.48364498,
    "val_loss": 2.50507241
  },
  "generated_at_utc": "2026-03-19T18:39:06+00:00",
  "int8_zlib_model_bytes": 10941986,
  "int8_zlib_total_submission_bytes": 11002768,
  "last_eval": {
    "max_steps": 500,
    "step": 500,
    "val_bpb": 1.4778,
    "val_loss": 2.4952
  },
  "run_id": "act14_power_relu10_500"
}
