name,iters,int8_bpb
a01_2x8_512,500,1.57302811
a02_2x12_512,500,1.57499516
a03_5x3_576,500,1.49623605
a04_6x3_512,500,1.48984221
