{
  "final_quant_eval": {
    "val_bpb": 1.49679549,
    "val_loss": 2.52727649
  },
  "generated_at_utc": "2026-03-21T02:23:55+00:00",
  "int8_zlib_model_bytes": 11182311,
  "int8_zlib_total_submission_bytes": 11257997,
  "last_eval": {
    "max_steps": 500,
    "step": 500,
    "val_bpb": 1.4897,
    "val_loss": 2.5153
  },
  "run_id": "p2_h2_hardtanh2"
}
