{
  "final_quant_eval": {
    "val_bpb": 1.48319043,
    "val_loss": 2.50430491
  },
  "generated_at_utc": "2026-03-20T04:44:42+00:00",
  "int8_zlib_model_bytes": 13187607,
  "int8_zlib_total_submission_bytes": 13253086,
  "last_eval": {
    "max_steps": 500,
    "step": 500,
    "val_bpb": 1.4821,
    "val_loss": 2.5024
  },
  "run_id": "act19_shifted_relu2_neg_500"
}
