{
  "final_quant_eval": {
    "val_bpb": 1.47148242,
    "val_loss": 2.48453642
  },
  "generated_at_utc": "2026-03-20T04:35:14+00:00",
  "int8_zlib_model_bytes": 13137126,
  "int8_zlib_total_submission_bytes": 13200851,
  "last_eval": {
    "max_steps": 500,
    "step": 500,
    "val_bpb": 1.4707,
    "val_loss": 2.4832
  },
  "run_id": "act18_hard_shrink2_500"
}
