{
  "final_quant_eval": {
    "val_bpb": 1.60384804,
    "val_loss": 2.70803023
  },
  "generated_at_utc": "2026-03-21T17:00:46+00:00",
  "int8_zlib_model_bytes": 12809311,
  "int8_zlib_total_submission_bytes": 12890964,
  "last_eval": {
    "max_steps": 500,
    "step": 500,
    "val_bpb": 1.6035,
    "val_loss": 2.7074
  },
  "run_id": "arch_conv_k5_bn128"
}
