{
  "final_quant_eval": {
    "val_bpb": 1.47154724,
    "val_loss": 2.48464587
  },
  "generated_at_utc": "2026-03-21T17:03:55+00:00",
  "int8_zlib_model_bytes": 13273110,
  "int8_zlib_total_submission_bytes": 13354763,
  "last_eval": {
    "max_steps": 500,
    "step": 500,
    "val_bpb": 1.4709,
    "val_loss": 2.4836
  },
  "run_id": "arch_moe2_qat70"
}
