{
  "final_quant_eval": {
    "val_bpb": 1.2708303,
    "val_loss": 2.14574373
  },
  "generated_at_utc": "2026-03-20T10:51:17+00:00",
  "int8_zlib_model_bytes": 15808426,
  "int8_zlib_total_submission_bytes": 15875928,
  "last_eval": {
    "max_steps": 6000,
    "step": 6000,
    "val_bpb": 1.2659,
    "val_loss": 2.1373
  },
  "run_id": "act24_leaky05_6000"
}
