{
  "final_quant_eval": {
    "val_bpb": 1.60620348,
    "val_loss": 2.7120073
  },
  "generated_at_utc": "2026-03-19T17:05:54+00:00",
  "int8_zlib_model_bytes": 11975243,
  "int8_zlib_total_submission_bytes": 12032947,
  "last_eval": {
    "max_steps": 500,
    "step": 500,
    "val_bpb": 1.6055,
    "val_loss": 2.7108
  },
  "run_id": "act4_swiglu2_500"
}
