{
  "final_quant_eval": {
    "val_bpb": 1.48623214,
    "val_loss": 2.5094407
  },
  "generated_at_utc": "2026-03-20T07:57:56+00:00",
  "int8_zlib_model_bytes": 13196537,
  "int8_zlib_total_submission_bytes": 13264039,
  "last_eval": {
    "max_steps": 500,
    "step": 500,
    "val_bpb": 1.4854,
    "val_loss": 2.5081
  },
  "run_id": "act23_pow15_r2"
}
