{
  "final_quant_eval": {
    "val_bpb": 1.48952701,
    "val_loss": 2.51500397
  },
  "generated_at_utc": "2026-03-21T02:26:51+00:00",
  "int8_zlib_model_bytes": 11121623,
  "int8_zlib_total_submission_bytes": 11197309,
  "last_eval": {
    "max_steps": 500,
    "step": 500,
    "val_bpb": 1.4845,
    "val_loss": 2.5066
  },
  "run_id": "p2_h2_softsign2"
}
