{
  "final_quant_eval": {
    "val_bpb": 1.49453795,
    "val_loss": 2.52346473
  },
  "generated_at_utc": "2026-03-19T14:24:10+00:00",
  "int8_zlib_model_bytes": 9928784,
  "int8_zlib_total_submission_bytes": 9983106,
  "last_eval": {
    "max_steps": 400,
    "step": 400,
    "val_bpb": 1.4849,
    "val_loss": 2.5073
  },
  "run_id": "heads84_lr06_400"
}
