{
  "final_quant_eval": {
    "val_bpb": 1.47870246,
    "val_loss": 2.49672716
  },
  "generated_at_utc": "2026-03-20T04:28:48+00:00",
  "int8_zlib_model_bytes": 13131380,
  "int8_zlib_total_submission_bytes": 13195105,
  "last_eval": {
    "max_steps": 500,
    "step": 500,
    "val_bpb": 1.4779,
    "val_loss": 2.4954
  },
  "run_id": "act18_sharp_softplus2_500"
}
