{
  "final_quant_eval": {
    "val_bpb": 1.47102088,
    "val_loss": 2.48375714
  },
  "generated_at_utc": "2026-03-20T04:45:12+00:00",
  "int8_zlib_model_bytes": 13132164,
  "int8_zlib_total_submission_bytes": 13197643,
  "last_eval": {
    "max_steps": 500,
    "step": 500,
    "val_bpb": 1.4702,
    "val_loss": 2.4824
  },
  "run_id": "act19_hard_shrink2_02_500"
}
