{
  "final_quant_eval": {
    "val_bpb": 1.48172299,
    "val_loss": 2.50182721
  },
  "generated_at_utc": "2026-03-20T20:40:50+00:00",
  "int8_zlib_model_bytes": 11443389,
  "int8_zlib_total_submission_bytes": 11519075,
  "last_eval": {
    "max_steps": 500,
    "step": 500,
    "val_bpb": 1.4789,
    "val_loss": 2.4971
  },
  "run_id": "p2_h1_grad3x"
}
