{
  "final_quant_eval": {
    "val_bpb": 1.60025518,
    "val_loss": 2.70196384
  },
  "generated_at_utc": "2026-03-21T14:41:52+00:00",
  "int8_zlib_model_bytes": 15282072,
  "int8_zlib_total_submission_bytes": 15363725,
  "last_eval": {
    "max_steps": 500,
    "step": 500,
    "val_bpb": 1.5995,
    "val_loss": 2.7006
  },
  "run_id": "arch_embed_bn64_w576"
}
