{
  "final_quant_eval": {
    "val_bpb": 1.74064198,
    "val_loss": 2.93900108
  },
  "generated_at_utc": "2026-03-22T05:43:35+00:00",
  "int8_zlib_model_bytes": 4991982,
  "int8_zlib_total_submission_bytes": 5073635,
  "last_eval": {
    "max_steps": 200,
    "step": 200,
    "val_bpb": 1.7402,
    "val_loss": 2.9382
  },
  "run_id": "scale_mini_7L256_200"
}
