{
  "final_quant_eval": {
    "val_bpb": 1.48012338,
    "val_loss": 2.49912633
  },
  "generated_at_utc": "2026-03-20T05:15:46+00:00",
  "int8_zlib_model_bytes": 13129005,
  "int8_zlib_total_submission_bytes": 13194484,
  "last_eval": {
    "max_steps": 500,
    "step": 500,
    "val_bpb": 1.4792,
    "val_loss": 2.4976
  },
  "run_id": "act21_relu2_seed99_500"
}
