{
  "final_quant_eval": {
    "val_bpb": 1.70499929,
    "val_loss": 2.87881988
  },
  "generated_at_utc": "2026-03-19T14:24:11+00:00",
  "int8_zlib_model_bytes": 9334383,
  "int8_zlib_total_submission_bytes": 9382025,
  "last_eval": {
    "max_steps": 200,
    "step": 200,
    "val_bpb": 1.6956,
    "val_loss": 2.8629
  },
  "run_id": "p1_mlr_0.02"
}
