{
  "final_quant_eval": {
    "val_bpb": 1.47231814,
    "val_loss": 2.48594751
  },
  "generated_at_utc": "2026-03-21T03:31:10+00:00",
  "int8_zlib_model_bytes": 11152110,
  "int8_zlib_total_submission_bytes": 11227796,
  "last_eval": {
    "max_steps": 500,
    "step": 500,
    "val_bpb": 1.4685,
    "val_loss": 2.4794
  },
  "run_id": "p2_h3_leaky02"
}
