{
  "final_quant_eval": {
    "val_bpb": 1.45946354,
    "val_loss": 2.46424306
  },
  "generated_at_utc": "2026-03-19T14:24:10+00:00",
  "int8_zlib_model_bytes": 10577301,
  "int8_zlib_total_submission_bytes": 10626961,
  "last_eval": {
    "max_steps": 500,
    "step": 150,
    "val_bpb": 1.9293,
    "val_loss": 3.2576
  },
  "run_id": "attnres_vr_500"
}
