{
  "final_quant_eval": {
    "val_bpb": 1.47650255,
    "val_loss": 2.49301271
  },
  "generated_at_utc": "2026-03-21T02:24:48+00:00",
  "int8_zlib_model_bytes": 11186546,
  "int8_zlib_total_submission_bytes": 11262232,
  "last_eval": {
    "max_steps": 500,
    "step": 500,
    "val_bpb": 1.4725,
    "val_loss": 2.4862
  },
  "run_id": "p2_h2_clamped16"
}
