{
  "final_quant_eval": {
    "val_bpb": 1.60021792,
    "val_loss": 2.70190093
  },
  "generated_at_utc": "2026-03-21T14:27:40+00:00",
  "int8_zlib_model_bytes": 13844503,
  "int8_zlib_total_submission_bytes": 13926156,
  "last_eval": {
    "max_steps": 500,
    "step": 500,
    "val_bpb": 1.5998,
    "val_loss": 2.7013
  },
  "run_id": "arch_embed_bn64_w544"
}
