{
  "final_quant_eval": {
    "val_bpb": 1.48183622,
    "val_loss": 2.50201838
  },
  "generated_at_utc": "2026-03-20T04:03:37+00:00",
  "int8_zlib_model_bytes": 13134335,
  "int8_zlib_total_submission_bytes": 13196650,
  "last_eval": {
    "max_steps": 500,
    "step": 500,
    "val_bpb": 1.4809,
    "val_loss": 2.5004
  },
  "run_id": "act17_leaky_relu2_500"
}
