{
  "final_quant_eval": {
    "val_bpb": 1.47328573,
    "val_loss": 2.48758124
  },
  "generated_at_utc": "2026-03-21T04:33:44+00:00",
  "int8_zlib_model_bytes": 11293198,
  "int8_zlib_total_submission_bytes": 11368884,
  "last_eval": {
    "max_steps": 500,
    "step": 500,
    "val_bpb": 1.4694,
    "val_loss": 2.4811
  },
  "run_id": "p2_x_celu05"
}
